"","SNP","other_allele.exposure","effect_allele.exposure","eaf.exposure","pval.exposure","beta.exposure","se.exposure","exposure","mr_keep.exposure","pval_origin.exposure","id.exposure","data_source.exposure"
"2","rs301805","T","G",0.559,2.8e-09,0.021467915176492,0.00361328749427589,"exposure",TRUE,"reported","2vrdcJ","textfile"
"49","rs3001723","G","A",0.321,8.12e-18,0.0335117979569998,0.00389830226103797,"exposure",TRUE,"reported","2vrdcJ","textfile"
"246","rs6669839","C","T",0.204,3.36e-09,0.0260041224560857,0.00439549894684844,"exposure",TRUE,"reported","2vrdcJ","textfile"
"383","rs2186122","A","T",0.561,3.61e-13,0.0260572863256767,0.00358601600776158,"exposure",TRUE,"reported","2vrdcJ","textfile"
"891","rs7555507","C","T",0.496,1.14e-11,-0.0241444396950049,0.00355604025615263,"exposure",TRUE,"reported","2vrdcJ","textfile"
"1216","rs2050586","G","C",0.355,3e-08,-0.0205466601064923,0.00370827598744739,"exposure",TRUE,"reported","2vrdcJ","textfile"
"1232","rs12042107","T","C",0.527,4.22e-10,-0.0222833764663073,0.00356819593409352,"exposure",TRUE,"reported","2vrdcJ","textfile"
"1268","rs12027999","T","C",0.124,5.76e-10,-0.0330855002964445,0.00533914965204459,"exposure",TRUE,"reported","2vrdcJ","textfile"
"1280","rs2046850","C","T",0.187,3.03e-08,-0.0248138529358474,0.00447842201706439,"exposure",TRUE,"reported","2vrdcJ","textfile"
"1307","rs6728726","T","C",0.829,6.73e-14,0.0354485928265864,0.0047327936476213,"exposure",TRUE,"reported","2vrdcJ","textfile"
"1516","rs1004787","G","A",0.581,5.27e-17,0.0299231195831601,0.00357139850186026,"exposure",TRUE,"reported","2vrdcJ","textfile"
"1614","rs1518393","A","C",0.631,2.03e-08,0.0205357436417922,0.00365893889953371,"exposure",TRUE,"reported","2vrdcJ","textfile"
"1616","rs7585579","C","G",0.505,1.88e-09,0.022399646203376,0.00372810004129534,"exposure",TRUE,"reported","2vrdcJ","textfile"
"1687","rs266047","G","A",0.529,3.36e-16,-0.0305098439360886,0.0037385472299354,"exposure",TRUE,"reported","2vrdcJ","textfile"
"2141","rs35702515","G","T",0.162,2.43e-09,0.0252441728437111,0.00423093298129663,"exposure",TRUE,"reported","2vrdcJ","textfile"
"2331","rs13030994","G","A",0.485,3.56e-24,0.036092466377408,0.00355629638428205,"exposure",TRUE,"reported","2vrdcJ","textfile"
"2392","rs1445649","T","C",0.525,1.68e-11,0.0239932341418356,0.00356483711793006,"exposure",TRUE,"reported","2vrdcJ","textfile"
"2429","rs12474587","G","T",0.404,1.25e-14,0.0276328620164367,0.00358234481029148,"exposure",TRUE,"reported","2vrdcJ","textfile"
"2468","rs6433897","T","C",0.754,3.16e-08,0.0224482661870905,0.00405809388433384,"exposure",TRUE,"reported","2vrdcJ","textfile"
"2469","rs2107300","C","G",0.845,3.27e-08,-0.0272010365504313,0.00492533227444622,"exposure",TRUE,"reported","2vrdcJ","textfile"
"2471","rs4674993","A","G",0.207,1.32e-08,-0.0252122101883179,0.00443618509086005,"exposure",TRUE,"reported","2vrdcJ","textfile"
"2476","rs11721059","C","T",0.474,2.17e-08,0.0199356867182187,0.00356335451016015,"exposure",TRUE,"reported","2vrdcJ","textfile"
"2496","rs12632110","A","G",0.647,4.78e-10,-0.0233768243046966,0.00375292296589672,"exposure",TRUE,"reported","2vrdcJ","textfile"
"2518","rs11712680","A","C",0.174,3.51e-09,-0.0270476240432524,0.00457842819835389,"exposure",TRUE,"reported","2vrdcJ","textfile"
"3015","rs6788098","A","T",0.623,1.91e-17,-0.0313460520986129,0.00368904754309202,"exposure",TRUE,"reported","2vrdcJ","textfile"
"3256","rs7631735","G","T",0.603,2.79e-08,0.0202273046328771,0.00364470730262289,"exposure",TRUE,"reported","2vrdcJ","textfile"
"3369","rs1154693","A","G",0.856,3.12e-11,0.0326216682994671,0.00491232251908705,"exposure",TRUE,"reported","2vrdcJ","textfile"
"3486","rs292071","T","C",0.244,4.08e-09,0.0235821988549303,0.00400909407996469,"exposure",TRUE,"reported","2vrdcJ","textfile"
"3561","rs993700","T","C",0.766,1.53e-09,-0.0259279909689629,0.00429163160110854,"exposure",TRUE,"reported","2vrdcJ","textfile"
"3648","rs1160685","C","G",0.478,7.2e-09,0.020772436428493,0.00358893039059423,"exposure",TRUE,"reported","2vrdcJ","textfile"
"3702","rs13145728","G","C",0.358,2.14e-10,-0.023251231290153,0.00366263324610703,"exposure",TRUE,"reported","2vrdcJ","textfile"
"3777","rs10001365","G","A",0.405,6.65e-12,-0.0249917522361988,0.00364154979674843,"exposure",TRUE,"reported","2vrdcJ","textfile"
"3957","rs6893752","A","G",0.766,3.25e-09,-0.0240995341718086,0.00407356476845586,"exposure",TRUE,"reported","2vrdcJ","textfile"
"4137","rs4571506","C","T",0.492,1.09e-14,-0.0275746638599439,0.00356880699487212,"exposure",TRUE,"reported","2vrdcJ","textfile"
"4181","rs12186738","G","T",0.154,3.42e-11,-0.0332644351638424,0.00502051065741958,"exposure",TRUE,"reported","2vrdcJ","textfile"
"4332","rs72789632","C","T",0.12,5.02e-10,-0.0328855611038916,0.00528627526513274,"exposure",TRUE,"reported","2vrdcJ","textfile"
"4366","rs1385108","C","T",0.239,3e-09,0.0246616993390394,0.00415672857562255,"exposure",TRUE,"reported","2vrdcJ","textfile"
"4403","rs4044321","A","G",0.642,6.08e-14,-0.0278416954894971,0.00371057728611977,"exposure",TRUE,"reported","2vrdcJ","textfile"
"4479","rs222449","A","T",0.793,1.08e-08,-0.0253208232805482,0.00442796261888848,"exposure",TRUE,"reported","2vrdcJ","textfile"
"4480","rs10498846","C","T",0.473,6.62e-09,0.0206102939104822,0.0035556134988868,"exposure",TRUE,"reported","2vrdcJ","textfile"
"4583","rs9401770","G","A",0.273,3.47e-12,0.0277306573995193,0.00398600174528558,"exposure",TRUE,"reported","2vrdcJ","textfile"
"4864","rs3800227","A","G",0.701,1.93e-08,0.0228121191646138,0.00405809388433384,"exposure",TRUE,"reported","2vrdcJ","textfile"
"4889","rs240963","T","C",0.836,2.16e-17,-0.0410443522424762,0.0048371233000107,"exposure",TRUE,"reported","2vrdcJ","textfile"
"5066","rs4236259","T","G",0.499,3.35e-12,-0.0247689190675964,0.00355660950494466,"exposure",TRUE,"reported","2vrdcJ","textfile"
"5129","rs10260968","G","A",0.597,1.75e-08,-0.0203217792215197,0.00360937576297698,"exposure",TRUE,"reported","2vrdcJ","textfile"
"5183","rs13246563","C","G",0.526,3.45e-10,-0.0234631042219025,0.00373798331757018,"exposure",TRUE,"reported","2vrdcJ","textfile"
"5334","rs12112638","A","G",0.275,1.34e-09,-0.0245259680994854,0.00404298611398216,"exposure",TRUE,"reported","2vrdcJ","textfile"
"5399","rs11768481","C","A",0.347,7e-10,-0.0232016673678623,0.00376380745301786,"exposure",TRUE,"reported","2vrdcJ","textfile"
"5432","rs12333760","T","C",0.204,1.44e-09,-0.0290466837454973,0.0048012687206787,"exposure",TRUE,"reported","2vrdcJ","textfile"
"5468","rs10233018","A","G",0.503,2.75e-14,0.0270690382961853,0.00355740691271967,"exposure",TRUE,"reported","2vrdcJ","textfile"
"5522","rs10279261","G","A",0.619,5e-09,-0.0214193598061592,0.00366263324610703,"exposure",TRUE,"reported","2vrdcJ","textfile"
"5542","rs1565735","T","A",0.212,3.42e-17,-0.0376180342371462,0.00446129865085708,"exposure",TRUE,"reported","2vrdcJ","textfile"
"5626","rs13261666","G","T",0.522,3.9e-14,-0.0268945748386775,0.00355604025615263,"exposure",TRUE,"reported","2vrdcJ","textfile"
"5655","rs12545053","A","G",0.397,2.43e-08,0.0202807978238853,0.00363667793165178,"exposure",TRUE,"reported","2vrdcJ","textfile"
"5704","rs10956809","G","C",0.442,6.32e-09,-0.0207810646080611,0.00357975119008573,"exposure",TRUE,"reported","2vrdcJ","textfile"
"5715","rs1899896","C","T",0.286,1.04e-11,0.0264481246881374,0.00388690913511059,"exposure",TRUE,"reported","2vrdcJ","textfile"
"5762","rs4543592","T","C",0.468,7.46e-10,0.0219314324929169,0.00356243865360826,"exposure",TRUE,"reported","2vrdcJ","textfile"
"5772","rs10114490","G","A",0.198,1.81e-08,-0.0255147547066801,0.00453170641373137,"exposure",TRUE,"reported","2vrdcJ","textfile"
"5779","rs2378662","G","A",0.556,4.16e-09,0.0209481549927184,0.0035664507489796,"exposure",TRUE,"reported","2vrdcJ","textfile"
"5815","rs10905461","T","C",0.718,7.35e-09,-0.0239553893082787,0.00414505215800124,"exposure",TRUE,"reported","2vrdcJ","textfile"
"5832","rs10159545","C","G",0.375,1.84e-12,0.0262501152217945,0.0037272658976418,"exposure",TRUE,"reported","2vrdcJ","textfile"
"5997","rs7921378","G","C",0.463,8.26e-13,-0.0254600844384457,0.00355815496982807,"exposure",TRUE,"reported","2vrdcJ","textfile"
"6132","rs12356821","G","C",0.14,6.27e-15,0.0393700355945343,0.00504910053010178,"exposure",TRUE,"reported","2vrdcJ","textfile"
"6563","rs9423279","C","G",0.641,3.21e-08,-0.0205131691957097,0.00370827598744739,"exposure",TRUE,"reported","2vrdcJ","textfile"
"6571","rs4523689","A","G",0.408,1.55e-08,-0.0206091006590057,0.00364320870753476,"exposure",TRUE,"reported","2vrdcJ","textfile"
"6623","rs6265","C","T",0.203,3.77e-12,-0.031786296257863,0.00457842819835389,"exposure",TRUE,"reported","2vrdcJ","textfile"
"6811","rs7929518","A","G",0.765,1.56e-08,0.0242376885051666,0.00428465847557264,"exposure",TRUE,"reported","2vrdcJ","textfile"
"7036","rs7938812","T","G",0.424,2.71e-33,0.0437914012665916,0.00363667793165178,"exposure",TRUE,"reported","2vrdcJ","textfile"
"7160","rs11057005","A","G",0.43,4.85e-09,-0.0209297802537554,0.00357891690904206,"exposure",TRUE,"reported","2vrdcJ","textfile"
"7165","rs4759228","G","C",0.27,3.58e-08,-0.0216913082292544,0.00393413223853498,"exposure",TRUE,"reported","2vrdcJ","textfile"
"7174","rs7969559","A","G",0.688,7.31e-10,-0.0243756057706745,0.00395945865508843,"exposure",TRUE,"reported","2vrdcJ","textfile"
"7196","rs1971318","C","T",0.141,7.06e-09,0.0285074215505192,0.00492533227444622,"exposure",TRUE,"reported","2vrdcJ","textfile"
"7241","rs3904512","G","A",0.429,3.23e-09,-0.0211588854183522,0.0035765044073267,"exposure",TRUE,"reported","2vrdcJ","textfile"
"7258","rs9540729","A","T",0.501,3.82e-08,-0.0195522233104744,0.00355789131490793,"exposure",TRUE,"reported","2vrdcJ","textfile"
"7262","rs7322872","C","T",0.782,3.58e-09,-0.0255712841733052,0.00433473863465867,"exposure",TRUE,"reported","2vrdcJ","textfile"
"7268","rs76214862","A","C",0.202,3.99e-08,-0.0249903162581497,0.00454745364554227,"exposure",TRUE,"reported","2vrdcJ","textfile"
"7471","rs1435741","G","A",0.425,2.64e-16,0.0294151238128526,0.00359095051725429,"exposure",TRUE,"reported","2vrdcJ","textfile"
"7636","rs12441907","C","A",0.186,1.06e-10,-0.0292050638015571,0.00452262034266214,"exposure",TRUE,"reported","2vrdcJ","textfile"
"7687","rs7197072","C","T",0.238,2.77e-09,-0.0247672136264165,0.00416859590363882,"exposure",TRUE,"reported","2vrdcJ","textfile"
"7699","rs12923427","C","T",0.204,4.44e-08,-0.0239086627298819,0.00437239804530611,"exposure",TRUE,"reported","2vrdcJ","textfile"
"7700","rs4785836","T","C",0.398,2.26e-08,-0.020470446994321,0.00365893889953371,"exposure",TRUE,"reported","2vrdcJ","textfile"
"7704","rs1050847","C","T",0.505,1.67e-09,-0.0216231194546871,0.00358893039059423,"exposure",TRUE,"reported","2vrdcJ","textfile"
"7709","rs11658881","A","G",0.418,2.43e-08,0.0201357214327675,0.00361066336779864,"exposure",TRUE,"reported","2vrdcJ","textfile"
"7713","rs11078713","A","G",0.454,2.23e-08,-0.0201720919993512,0.00360561018144231,"exposure",TRUE,"reported","2vrdcJ","textfile"
"7715","rs7224742","C","T",0.595,1.43e-08,-0.0207098819916641,0.00365531751994394,"exposure",TRUE,"reported","2vrdcJ","textfile"
"7738","rs72896886","G","C",0.144,2.75e-08,-0.0268884889910673,0.0048371233000107,"exposure",TRUE,"reported","2vrdcJ","textfile"
"7747","rs6508144","C","G",0.563,7.97e-09,-0.0206935185481786,0.00358601600776158,"exposure",TRUE,"reported","2vrdcJ","textfile"
"7755","rs11872397","G","A",0.252,1.43e-09,-0.0247725406457757,0.00409477465918092,"exposure",TRUE,"reported","2vrdcJ","textfile"
"7758","rs76608582","C","A",0.0389,1.94e-09,-0.0495574666847922,0.00825957778079869,"exposure",TRUE,"reported","2vrdcJ","textfile"
"7809","rs1555445","A","T",0.337,3.65e-09,0.0225547968430225,0.00382339614270885,"exposure",TRUE,"reported","2vrdcJ","textfile"
"7843","rs56820925","C","T",0.347,1.73e-08,-0.0218638186698424,0.00387714869146327,"exposure",TRUE,"reported","2vrdcJ","textfile"
"7844","rs117143374","T","C",0.12,2.76e-08,0.0292896903222678,0.00526908907209351,"exposure",TRUE,"reported","2vrdcJ","textfile"
"7846","rs134529","T","C",0.349,4.85e-08,-0.0199839528321729,0.00366077691353738,"exposure",TRUE,"reported","2vrdcJ","textfile"
