"","SNP","effect_allele.exposure","other_allele.exposure","effect_allele.outcome","other_allele.outcome","beta.exposure","beta.outcome","eaf.exposure","eaf.outcome","remove","palindromic","ambiguous","id.outcome","pos.outcome","pval.outcome","se.outcome","outcome","mr_keep.outcome","pval_origin.outcome","data_source.outcome","V1","pval.exposure","se.exposure","exposure","mr_keep.exposure","pval_origin.exposure","id.exposure","data_source.exposure","action","SNP_index","mr_keep","samplesize.outcome"
"1","rs10001365","A","G","A","G",-0.0249917522361988,0.00154985,0.405,NA,FALSE,FALSE,FALSE,"O7lmvw",146876062,0.950852,0.0251449,"outcome",TRUE,"reported","textfile",3777,6.65e-12,0.00364154979674843,"exposure",TRUE,"reported","2vrdcJ","textfile",2,1,TRUE,NA
"2","rs1004787","A","G","A","G",0.0299231195831601,0.00424859,0.581,NA,FALSE,FALSE,FALSE,"O7lmvw",44931952,0.868659,0.0256926,"outcome",TRUE,"reported","textfile",1516,5.27e-17,0.00357139850186026,"exposure",TRUE,"reported","2vrdcJ","textfile",2,1,TRUE,NA
"3","rs10114490","A","G","A","G",-0.0255147547066801,-0.0210833,0.198,NA,FALSE,FALSE,FALSE,"O7lmvw",11070165,0.460987,0.0285983,"outcome",TRUE,"reported","textfile",5772,1.81e-08,0.00453170641373137,"exposure",TRUE,"reported","2vrdcJ","textfile",2,1,TRUE,NA
"4","rs10159545","G","C","G","C",0.0262501152217945,0.0187356,0.375,NA,FALSE,TRUE,TRUE,"O7lmvw",21478040,0.468133,0.0258236,"outcome",TRUE,"reported","textfile",5832,1.84e-12,0.0037272658976418,"exposure",TRUE,"reported","2vrdcJ","textfile",2,1,FALSE,NA
"5","rs10233018","G","A","G","A",0.0270690382961853,-0.00812115,0.503,NA,FALSE,FALSE,FALSE,"O7lmvw",117883655,0.749357,0.0254193,"outcome",TRUE,"reported","textfile",5468,2.75e-14,0.00355740691271967,"exposure",TRUE,"reported","2vrdcJ","textfile",2,1,TRUE,NA
"6","rs10260968","A","G","A","G",-0.0203217792215197,-0.0398702,0.597,NA,FALSE,FALSE,FALSE,"O7lmvw",1850137,0.111252,0.0250348,"outcome",TRUE,"reported","textfile",5129,1.75e-08,0.00360937576297698,"exposure",TRUE,"reported","2vrdcJ","textfile",2,1,TRUE,NA
"7","rs10279261","A","G","A","G",-0.0214193598061592,-0.0287299,0.619,NA,FALSE,FALSE,FALSE,"O7lmvw",133905093,0.266951,0.0258802,"outcome",TRUE,"reported","textfile",5522,5e-09,0.00366263324610703,"exposure",TRUE,"reported","2vrdcJ","textfile",2,1,TRUE,NA
"8","rs10498846","T","C","T","C",0.0206102939104822,0.0308633,0.473,NA,FALSE,FALSE,FALSE,"O7lmvw",66695444,0.215619,0.0249247,"outcome",TRUE,"reported","textfile",4480,6.62e-09,0.0035556134988868,"exposure",TRUE,"reported","2vrdcJ","textfile",2,1,TRUE,NA
"9","rs1050847","T","C","T","C",-0.0216231194546871,-0.0406826,0.505,NA,FALSE,FALSE,FALSE,"O7lmvw",87410128,0.102716,0.0249307,"outcome",TRUE,"reported","textfile",7704,1.67e-09,0.00358893039059423,"exposure",TRUE,"reported","2vrdcJ","textfile",2,1,TRUE,NA
"10","rs10905461","C","T","C","T",-0.0239553893082787,-0.0220654,0.718,NA,FALSE,FALSE,FALSE,"O7lmvw",8761588,0.516964,0.0340498,"outcome",TRUE,"reported","textfile",5815,7.35e-09,0.00414505215800124,"exposure",TRUE,"reported","2vrdcJ","textfile",2,1,TRUE,NA
"11","rs10956809","C","G","C","G",-0.0207810646080611,0.00970695,0.442,NA,FALSE,TRUE,TRUE,"O7lmvw",91763158,0.695878,0.0248329,"outcome",TRUE,"reported","textfile",5704,6.32e-09,0.00357975119008573,"exposure",TRUE,"reported","2vrdcJ","textfile",2,1,FALSE,NA
"12","rs11057005","G","A","G","A",-0.0209297802537554,0.0266484,0.43,NA,FALSE,FALSE,FALSE,"O7lmvw",16595787,0.287368,0.0250475,"outcome",TRUE,"reported","textfile",7160,4.85e-09,0.00357891690904206,"exposure",TRUE,"reported","2vrdcJ","textfile",2,1,TRUE,NA
"13","rs11078713","G","A","G","A",-0.0201720919993512,-0.0319661,0.454,NA,FALSE,FALSE,FALSE,"O7lmvw",7892654,0.201006,0.0249991,"outcome",TRUE,"reported","textfile",7713,2.23e-08,0.00360561018144231,"exposure",TRUE,"reported","2vrdcJ","textfile",2,1,TRUE,NA
"14","rs1154693","G","A","G","A",0.0326216682994671,0.0585882,0.856,NA,FALSE,FALSE,FALSE,"O7lmvw",118085307,0.0513346,0.0300657,"outcome",TRUE,"reported","textfile",3369,3.12e-11,0.00491232251908705,"exposure",TRUE,"reported","2vrdcJ","textfile",2,1,TRUE,NA
"15","rs1160685","G","C","G","C",0.020772436428493,0.0147014,0.478,NA,FALSE,TRUE,TRUE,"O7lmvw",93131703,0.565616,0.0255889,"outcome",TRUE,"reported","textfile",3648,7.2e-09,0.00358893039059423,"exposure",TRUE,"reported","2vrdcJ","textfile",2,1,FALSE,NA
"16","rs11658881","G","A","G","A",0.0201357214327675,0.016775,0.418,NA,FALSE,FALSE,FALSE,"O7lmvw",2169655,0.51001,0.0254621,"outcome",TRUE,"reported","textfile",7709,2.43e-08,0.00361066336779864,"exposure",TRUE,"reported","2vrdcJ","textfile",2,1,TRUE,NA
"17","rs11712680","C","A","C","A",-0.0270476240432524,0.0276236,0.174,NA,FALSE,FALSE,FALSE,"O7lmvw",74959868,0.44527,0.0361886,"outcome",TRUE,"reported","textfile",2518,3.51e-09,0.00457842819835389,"exposure",TRUE,"reported","2vrdcJ","textfile",2,1,TRUE,NA
"18","rs117143374","C","T","C","T",0.0292896903222678,0.00527887,0.12,NA,FALSE,FALSE,FALSE,"O7lmvw",39183635,0.896923,0.0407481,"outcome",TRUE,"reported","textfile",7844,2.76e-08,0.00526908907209351,"exposure",TRUE,"reported","2vrdcJ","textfile",2,1,TRUE,NA
"19","rs11721059","T","C","T","C",0.0199356867182187,0.0524374,0.474,NA,FALSE,FALSE,FALSE,"O7lmvw",5683873,0.0346155,0.0248186,"outcome",TRUE,"reported","textfile",2476,2.17e-08,0.00356335451016015,"exposure",TRUE,"reported","2vrdcJ","textfile",2,1,TRUE,NA
"20","rs11768481","A","C","A","C",-0.0232016673678623,0.0249765,0.347,NA,FALSE,FALSE,FALSE,"O7lmvw",96999791,0.318627,0.0250445,"outcome",TRUE,"reported","textfile",5399,7e-10,0.00376380745301786,"exposure",TRUE,"reported","2vrdcJ","textfile",2,1,TRUE,NA
"21","rs11872397","A","G","A","G",-0.0247725406457757,-0.0106794,0.252,NA,FALSE,FALSE,FALSE,"O7lmvw",74823326,0.72265,0.0300899,"outcome",TRUE,"reported","textfile",7755,1.43e-09,0.00409477465918092,"exposure",TRUE,"reported","2vrdcJ","textfile",2,1,TRUE,NA
"22","rs12027999","C","T","C","T",-0.0330855002964445,0.0020245,0.124,NA,FALSE,FALSE,FALSE,"O7lmvw",154233882,0.947907,0.0309865,"outcome",TRUE,"reported","textfile",1268,5.76e-10,0.00533914965204459,"exposure",TRUE,"reported","2vrdcJ","textfile",2,1,TRUE,NA
"23","rs12042107","C","T","C","T",-0.0222833764663073,-0.0459045,0.527,NA,FALSE,FALSE,FALSE,"O7lmvw",90730619,0.073274,0.0256289,"outcome",TRUE,"reported","textfile",1232,4.22e-10,0.00356819593409352,"exposure",TRUE,"reported","2vrdcJ","textfile",2,1,TRUE,NA
"24","rs12112638","G","A","G","A",-0.0245259680994854,0.00816095,0.275,NA,FALSE,FALSE,FALSE,"O7lmvw",70270265,0.768828,0.027767,"outcome",TRUE,"reported","textfile",5334,1.34e-09,0.00404298611398216,"exposure",TRUE,"reported","2vrdcJ","textfile",2,1,TRUE,NA
"25","rs12186738","T","G","T","G",-0.0332644351638424,0.0430038,0.154,NA,FALSE,FALSE,FALSE,"O7lmvw",104480954,0.222277,0.0352347,"outcome",TRUE,"reported","textfile",4181,3.42e-11,0.00502051065741958,"exposure",TRUE,"reported","2vrdcJ","textfile",2,1,TRUE,NA
"26","rs12333760","C","T","C","T",-0.0290466837454973,0.0630966,0.204,NA,FALSE,FALSE,FALSE,"O7lmvw",99587783,0.0330704,0.0296057,"outcome",TRUE,"reported","textfile",5432,1.44e-09,0.0048012687206787,"exposure",TRUE,"reported","2vrdcJ","textfile",2,1,TRUE,NA
"27","rs12356821","C","G","C","G",0.0393700355945343,0.0200871,0.14,NA,FALSE,TRUE,TRUE,"O7lmvw",102804051,0.561566,0.0346021,"outcome",TRUE,"reported","textfile",6132,6.27e-15,0.00504910053010178,"exposure",TRUE,"reported","2vrdcJ","textfile",2,1,FALSE,NA
"28","rs12441907","A","C","A","C",-0.0292050638015571,0.0178559,0.186,NA,FALSE,FALSE,FALSE,"O7lmvw",83253635,0.578827,0.0321671,"outcome",TRUE,"reported","textfile",7636,1.06e-10,0.00452262034266214,"exposure",TRUE,"reported","2vrdcJ","textfile",2,1,TRUE,NA
"29","rs12474587","T","G","T","G",0.0276328620164367,0.00491682,0.404,NA,FALSE,FALSE,FALSE,"O7lmvw",161946483,0.850576,0.0261001,"outcome",TRUE,"reported","textfile",2429,1.25e-14,0.00358234481029148,"exposure",TRUE,"reported","2vrdcJ","textfile",2,1,TRUE,NA
"30","rs12545053","G","A","G","A",0.0202807978238853,0.0279948,0.397,NA,FALSE,FALSE,FALSE,"O7lmvw",64161048,0.267805,0.0252631,"outcome",TRUE,"reported","textfile",5655,2.43e-08,0.00363667793165178,"exposure",TRUE,"reported","2vrdcJ","textfile",2,1,TRUE,NA
"31","rs12632110","G","A","G","A",-0.0233768243046966,-0.0731435,0.647,NA,FALSE,FALSE,FALSE,"O7lmvw",50186792,0.00666546,0.0269593,"outcome",TRUE,"reported","textfile",2496,4.78e-10,0.00375292296589672,"exposure",TRUE,"reported","2vrdcJ","textfile",2,1,TRUE,NA
"32","rs12923427","T","C","T","C",-0.0239086627298819,-0.0254706,0.204,NA,FALSE,FALSE,FALSE,"O7lmvw",17481208,0.556034,0.0432627,"outcome",TRUE,"reported","textfile",7699,4.44e-08,0.00437239804530611,"exposure",TRUE,"reported","2vrdcJ","textfile",2,1,TRUE,NA
"33","rs13030994","A","G","A","G",0.036092466377408,0.0378072,0.485,NA,FALSE,FALSE,FALSE,"O7lmvw",145385522,0.13192,0.0250948,"outcome",TRUE,"reported","textfile",2331,3.56e-24,0.00355629638428205,"exposure",TRUE,"reported","2vrdcJ","textfile",2,1,TRUE,NA
"34","rs13145728","C","G","C","G",-0.023251231290153,-0.00937526,0.358,NA,FALSE,TRUE,TRUE,"O7lmvw",140006658,0.716642,0.0258306,"outcome",TRUE,"reported","textfile",3702,2.14e-10,0.00366263324610703,"exposure",TRUE,"reported","2vrdcJ","textfile",2,1,FALSE,NA
"35","rs13246563","G","C","A","C",-0.0234631042219025,-0.0937277,0.526,NA,TRUE,TRUE,TRUE,"O7lmvw",3398611,0.506772,0.141183,"outcome",TRUE,"reported","textfile",5183,3.45e-10,0.00373798331757018,"exposure",TRUE,"reported","2vrdcJ","textfile",2,1,FALSE,NA
"36","rs13261666","T","G","T","G",-0.0268945748386775,0.0199262,0.522,NA,FALSE,FALSE,FALSE,"O7lmvw",58902107,0.423061,0.0248728,"outcome",TRUE,"reported","textfile",5626,3.9e-14,0.00355604025615263,"exposure",TRUE,"reported","2vrdcJ","textfile",2,1,TRUE,NA
"37","rs134529","C","T","C","T",-0.0199839528321729,-0.00469646,0.349,NA,FALSE,FALSE,FALSE,"O7lmvw",28385770,0.859037,0.0264441,"outcome",TRUE,"reported","textfile",7846,4.85e-08,0.00366077691353738,"exposure",TRUE,"reported","2vrdcJ","textfile",2,1,TRUE,NA
"38","rs1385108","T","C","T","C",0.0246616993390394,-0.00579688,0.239,NA,FALSE,FALSE,FALSE,"O7lmvw",155460086,0.83311,0.0275106,"outcome",TRUE,"reported","textfile",4366,3e-09,0.00415672857562255,"exposure",TRUE,"reported","2vrdcJ","textfile",2,1,TRUE,NA
"39","rs1435741","A","G","A","G",0.0294151238128526,0.0287069,0.425,NA,FALSE,FALSE,FALSE,"O7lmvw",47643646,0.262843,0.0256381,"outcome",TRUE,"reported","textfile",7471,2.64e-16,0.00359095051725429,"exposure",TRUE,"reported","2vrdcJ","textfile",2,1,TRUE,NA
"40","rs1445649","C","T","C","T",0.0239932341418356,-0.00338245,0.525,NA,FALSE,FALSE,FALSE,"O7lmvw",154826044,0.891688,0.0248402,"outcome",TRUE,"reported","textfile",2392,1.68e-11,0.00356483711793006,"exposure",TRUE,"reported","2vrdcJ","textfile",2,1,TRUE,NA
"41","rs1518393","C","A","C","A",0.0205357436417922,0.0104375,0.631,NA,FALSE,FALSE,FALSE,"O7lmvw",57944085,0.684558,0.0256922,"outcome",TRUE,"reported","textfile",1614,2.03e-08,0.00365893889953371,"exposure",TRUE,"reported","2vrdcJ","textfile",2,1,TRUE,NA
"42","rs1555445","T","A","T","A",0.0225547968430225,0.032237,0.337,NA,FALSE,TRUE,TRUE,"O7lmvw",32587456,0.198706,0.0250823,"outcome",TRUE,"reported","textfile",7809,3.65e-09,0.00382339614270885,"exposure",TRUE,"reported","2vrdcJ","textfile",2,1,FALSE,NA
"43","rs1565735","A","T","A","T",-0.0376180342371462,0.0026111,0.212,NA,FALSE,TRUE,TRUE,"O7lmvw",27568560,0.941193,0.0353947,"outcome",TRUE,"reported","textfile",5542,3.42e-17,0.00446129865085708,"exposure",TRUE,"reported","2vrdcJ","textfile",2,1,FALSE,NA
"44","rs1899896","T","C","T","C",0.0264481246881374,0.0358334,0.286,NA,FALSE,FALSE,FALSE,"O7lmvw",92188808,0.202503,0.0281167,"outcome",TRUE,"reported","textfile",5715,1.04e-11,0.00388690913511059,"exposure",TRUE,"reported","2vrdcJ","textfile",2,1,TRUE,NA
"45","rs1971318","T","C","T","C",0.0285074215505192,-0.0264932,0.141,NA,FALSE,FALSE,FALSE,"O7lmvw",120951697,0.496395,0.0389507,"outcome",TRUE,"reported","textfile",7196,7.06e-09,0.00492533227444622,"exposure",TRUE,"reported","2vrdcJ","textfile",2,1,TRUE,NA
"46","rs2046850","T","C","T","C",-0.0248138529358474,0.0135549,0.187,NA,FALSE,FALSE,FALSE,"O7lmvw",210130974,0.625317,0.0277577,"outcome",TRUE,"reported","textfile",1280,3.03e-08,0.00447842201706439,"exposure",TRUE,"reported","2vrdcJ","textfile",2,1,TRUE,NA
"47","rs2050586","C","G","C","G",-0.0205466601064923,0.00558987,0.355,NA,FALSE,TRUE,TRUE,"O7lmvw",87440145,0.834312,0.0267235,"outcome",TRUE,"reported","textfile",1216,3e-08,0.00370827598744739,"exposure",TRUE,"reported","2vrdcJ","textfile",2,1,FALSE,NA
"48","rs2107300","G","C","G","C",-0.0272010365504313,-0.0160905,0.845,NA,FALSE,TRUE,TRUE,"O7lmvw",200073178,0.646257,0.035058,"outcome",TRUE,"reported","textfile",2469,3.27e-08,0.00492533227444622,"exposure",TRUE,"reported","2vrdcJ","textfile",2,1,FALSE,NA
"49","rs2186122","T","A","T","A",0.0260572863256767,-0.0376133,0.561,NA,FALSE,TRUE,TRUE,"O7lmvw",66004523,0.140476,0.0255175,"outcome",TRUE,"reported","textfile",383,3.61e-13,0.00358601600776158,"exposure",TRUE,"reported","2vrdcJ","textfile",2,1,FALSE,NA
"50","rs222449","T","A","T","A",-0.0253208232805482,0.0438199,0.793,NA,FALSE,TRUE,TRUE,"O7lmvw",53051264,0.138338,0.029568,"outcome",TRUE,"reported","textfile",4479,1.08e-08,0.00442796261888848,"exposure",TRUE,"reported","2vrdcJ","textfile",2,1,FALSE,NA
"51","rs2378662","A","G","A","G",0.0209481549927184,0.0223945,0.556,NA,FALSE,FALSE,FALSE,"O7lmvw",84092374,0.37136,0.0250518,"outcome",TRUE,"reported","textfile",5779,4.16e-09,0.0035664507489796,"exposure",TRUE,"reported","2vrdcJ","textfile",2,1,TRUE,NA
"52","rs240963","C","T","C","T",-0.0410443522424762,0.0404553,0.836,NA,FALSE,FALSE,FALSE,"O7lmvw",111323129,0.193702,0.0311265,"outcome",TRUE,"reported","textfile",4889,2.16e-17,0.0048371233000107,"exposure",TRUE,"reported","2vrdcJ","textfile",2,1,TRUE,NA
"53","rs266047","A","G","A","G",-0.0305098439360886,-0.0215619,0.529,NA,FALSE,FALSE,FALSE,"O7lmvw",103472293,0.388074,0.0249815,"outcome",TRUE,"reported","textfile",1687,3.36e-16,0.0037385472299354,"exposure",TRUE,"reported","2vrdcJ","textfile",2,1,TRUE,NA
"54","rs292071","C","T","C","T",0.0235821988549303,0.0473587,0.244,NA,FALSE,FALSE,FALSE,"O7lmvw",28454467,0.127276,0.0310563,"outcome",TRUE,"reported","textfile",3486,4.08e-09,0.00400909407996469,"exposure",TRUE,"reported","2vrdcJ","textfile",2,1,TRUE,NA
"55","rs3001723","A","G","A","G",0.0335117979569998,-0.01645,0.321,NA,FALSE,FALSE,FALSE,"O7lmvw",43572014,0.56034,0.0282483,"outcome",TRUE,"reported","textfile",49,8.12e-18,0.00389830226103797,"exposure",TRUE,"reported","2vrdcJ","textfile",2,1,TRUE,NA
"56","rs301805","G","T","G","T",0.021467915176492,-0.0135381,0.559,NA,FALSE,FALSE,FALSE,"O7lmvw",8420956,0.604255,0.0261205,"outcome",TRUE,"reported","textfile",2,2.8e-09,0.00361328749427589,"exposure",TRUE,"reported","2vrdcJ","textfile",2,1,TRUE,NA
"57","rs35702515","T","G","T","G",0.0252441728437111,-0.0294717,0.162,NA,FALSE,FALSE,FALSE,"O7lmvw",136785277,0.376761,0.0333436,"outcome",TRUE,"reported","textfile",2141,2.43e-09,0.00423093298129663,"exposure",TRUE,"reported","2vrdcJ","textfile",2,1,TRUE,NA
"58","rs3800227","G","A","G","A",0.0228121191646138,0.0425578,0.701,NA,FALSE,FALSE,FALSE,"O7lmvw",108672958,0.109491,0.0265906,"outcome",TRUE,"reported","textfile",4864,1.93e-08,0.00405809388433384,"exposure",TRUE,"reported","2vrdcJ","textfile",2,1,TRUE,NA
"59","rs3904512","A","G","A","G",-0.0211588854183522,-0.0419516,0.429,NA,FALSE,FALSE,FALSE,"O7lmvw",37783334,0.0991334,0.0254395,"outcome",TRUE,"reported","textfile",7241,3.23e-09,0.0035765044073267,"exposure",TRUE,"reported","2vrdcJ","textfile",2,1,TRUE,NA
"60","rs4044321","G","A","G","A",-0.0278416954894971,-0.0110025,0.642,NA,FALSE,FALSE,FALSE,"O7lmvw",167562508,0.674362,0.0261859,"outcome",TRUE,"reported","textfile",4403,6.08e-14,0.00371057728611977,"exposure",TRUE,"reported","2vrdcJ","textfile",2,1,TRUE,NA
"61","rs4236259","G","T","G","T",-0.0247689190675964,-0.00333228,0.499,NA,FALSE,FALSE,FALSE,"O7lmvw",1668444,0.893878,0.0249799,"outcome",TRUE,"reported","textfile",5066,3.35e-12,0.00355660950494466,"exposure",TRUE,"reported","2vrdcJ","textfile",2,1,TRUE,NA
"62","rs4523689","G","A","G","A",-0.0206091006590057,-0.00166409,0.408,NA,FALSE,FALSE,FALSE,"O7lmvw",7929250,0.946841,0.0249585,"outcome",TRUE,"reported","textfile",6571,1.55e-08,0.00364320870753476,"exposure",TRUE,"reported","2vrdcJ","textfile",2,1,TRUE,NA
"63","rs4543592","C","T","C","T",0.0219314324929169,-0.0175371,0.468,NA,FALSE,FALSE,FALSE,"O7lmvw",3014254,0.490381,0.025427,"outcome",TRUE,"reported","textfile",5762,7.46e-10,0.00356243865360826,"exposure",TRUE,"reported","2vrdcJ","textfile",2,1,TRUE,NA
"64","rs4571506","T","C","T","C",-0.0275746638599439,-0.00583361,0.492,NA,FALSE,FALSE,FALSE,"O7lmvw",88461101,0.815271,0.0249692,"outcome",TRUE,"reported","textfile",4137,1.09e-14,0.00356880699487212,"exposure",TRUE,"reported","2vrdcJ","textfile",2,1,TRUE,NA
"65","rs4674993","G","A","G","A",-0.0252122101883179,-0.0546293,0.207,NA,FALSE,FALSE,FALSE,"O7lmvw",225467317,0.0966051,0.0328786,"outcome",TRUE,"reported","textfile",2471,1.32e-08,0.00443618509086005,"exposure",TRUE,"reported","2vrdcJ","textfile",2,1,TRUE,NA
"66","rs4759228","C","G","C","G",-0.0216913082292544,0.0384546,0.27,NA,FALSE,TRUE,TRUE,"O7lmvw",56114625,0.186417,0.0291046,"outcome",TRUE,"reported","textfile",7165,3.58e-08,0.00393413223853498,"exposure",TRUE,"reported","2vrdcJ","textfile",2,1,FALSE,NA
"67","rs4785836","C","T","C","T",-0.020470446994321,0.0027543,0.398,NA,FALSE,FALSE,FALSE,"O7lmvw",65570749,0.912741,0.0251346,"outcome",TRUE,"reported","textfile",7700,2.26e-08,0.00365893889953371,"exposure",TRUE,"reported","2vrdcJ","textfile",2,1,TRUE,NA
"68","rs56820925","T","C","T","C",-0.0218638186698424,-0.0148672,0.347,NA,FALSE,FALSE,FALSE,"O7lmvw",55812318,0.564345,0.0257933,"outcome",TRUE,"reported","textfile",7843,1.73e-08,0.00387714869146327,"exposure",TRUE,"reported","2vrdcJ","textfile",2,1,TRUE,NA
"69","rs6265","T","C","T","C",-0.031786296257863,-0.0226915,0.203,NA,FALSE,FALSE,FALSE,"O7lmvw",27658369,0.510426,0.0344764,"outcome",TRUE,"reported","textfile",6623,3.77e-12,0.00457842819835389,"exposure",TRUE,"reported","2vrdcJ","textfile",2,1,TRUE,NA
"70","rs6433897","C","T","C","T",0.0224482661870905,-0.0322998,0.754,NA,FALSE,FALSE,FALSE,"O7lmvw",181169721,0.255817,0.0284246,"outcome",TRUE,"reported","textfile",2468,3.16e-08,0.00405809388433384,"exposure",TRUE,"reported","2vrdcJ","textfile",2,1,TRUE,NA
"71","rs6508144","G","C","G","C",-0.0206935185481786,-0.0123957,0.563,NA,FALSE,TRUE,TRUE,"O7lmvw",52499772,0.621028,0.0250725,"outcome",TRUE,"reported","textfile",7747,7.97e-09,0.00358601600776158,"exposure",TRUE,"reported","2vrdcJ","textfile",2,1,FALSE,NA
"72","rs6669839","T","C","T","C",0.0260041224560857,0.0251642,0.204,NA,FALSE,FALSE,FALSE,"O7lmvw",50160307,0.421102,0.0312788,"outcome",TRUE,"reported","textfile",246,3.36e-09,0.00439549894684844,"exposure",TRUE,"reported","2vrdcJ","textfile",2,1,TRUE,NA
"73","rs6728726","C","T","C","T",0.0354485928265864,0.0418418,0.829,NA,FALSE,FALSE,FALSE,"O7lmvw",623976,0.213332,0.0336226,"outcome",TRUE,"reported","textfile",1307,6.73e-14,0.0047327936476213,"exposure",TRUE,"reported","2vrdcJ","textfile",2,1,TRUE,NA
"74","rs6788098","T","A","T","A",-0.0313460520986129,0.0259687,0.623,NA,FALSE,TRUE,TRUE,"O7lmvw",85574981,0.348803,0.0277172,"outcome",TRUE,"reported","textfile",3015,1.91e-17,0.00368904754309202,"exposure",TRUE,"reported","2vrdcJ","textfile",2,1,FALSE,NA
"75","rs6893752","G","A","G","A",-0.0240995341718086,0.0487497,0.766,NA,FALSE,FALSE,FALSE,"O7lmvw",61079085,0.0905628,0.0288045,"outcome",TRUE,"reported","textfile",3957,3.25e-09,0.00407356476845586,"exposure",TRUE,"reported","2vrdcJ","textfile",2,1,TRUE,NA
"76","rs7197072","T","C","T","C",-0.0247672136264165,0.0434699,0.238,NA,FALSE,FALSE,FALSE,"O7lmvw",667085,0.0938858,0.0259483,"outcome",TRUE,"reported","textfile",7687,2.77e-09,0.00416859590363882,"exposure",TRUE,"reported","2vrdcJ","textfile",2,1,TRUE,NA
"77","rs7224742","T","C","T","C",-0.0207098819916641,0.0231058,0.595,NA,FALSE,FALSE,FALSE,"O7lmvw",32330039,0.375232,0.0260577,"outcome",TRUE,"reported","textfile",7715,1.43e-08,0.00365531751994394,"exposure",TRUE,"reported","2vrdcJ","textfile",2,1,TRUE,NA
"78","rs72789632","T","C","T","C",-0.0328855611038916,-0.0503769,0.12,NA,FALSE,FALSE,FALSE,"O7lmvw",107498662,0.269894,0.04566,"outcome",TRUE,"reported","textfile",4332,5.02e-10,0.00528627526513274,"exposure",TRUE,"reported","2vrdcJ","textfile",2,1,TRUE,NA
"79","rs72896886","C","G","C","G",-0.0268884889910673,-0.0425864,0.144,NA,FALSE,TRUE,TRUE,"O7lmvw",45052687,0.208644,0.0338712,"outcome",TRUE,"reported","textfile",7738,2.75e-08,0.0048371233000107,"exposure",TRUE,"reported","2vrdcJ","textfile",2,1,FALSE,NA
"80","rs7322872","T","C","T","C",-0.0255712841733052,0.00139931,0.782,NA,FALSE,FALSE,FALSE,"O7lmvw",99896075,0.966016,0.0328435,"outcome",TRUE,"reported","textfile",7262,3.58e-09,0.00433473863465867,"exposure",TRUE,"reported","2vrdcJ","textfile",2,1,TRUE,NA
"81","rs7555507","T","C","T","C",-0.0241444396950049,0.0173791,0.496,NA,FALSE,FALSE,FALSE,"O7lmvw",73300354,0.484029,0.0248331,"outcome",TRUE,"reported","textfile",891,1.14e-11,0.00355604025615263,"exposure",TRUE,"reported","2vrdcJ","textfile",2,1,TRUE,NA
"82","rs7585579","G","C","G","C",0.022399646203376,0.0400065,0.505,NA,FALSE,TRUE,TRUE,"O7lmvw",59797722,0.108816,0.0249489,"outcome",TRUE,"reported","textfile",1616,1.88e-09,0.00372810004129534,"exposure",TRUE,"reported","2vrdcJ","textfile",2,1,FALSE,NA
"83","rs76214862","C","A","C","A",-0.0249903162581497,-0.00481619,0.202,NA,FALSE,FALSE,FALSE,"O7lmvw",29030924,0.869879,0.0294006,"outcome",TRUE,"reported","textfile",7268,3.99e-08,0.00454745364554227,"exposure",TRUE,"reported","2vrdcJ","textfile",2,1,TRUE,NA
"84","rs7631735","T","G","T","G",0.0202273046328771,-0.0440463,0.603,NA,FALSE,FALSE,FALSE,"O7lmvw",85947412,0.0827675,0.025389,"outcome",TRUE,"reported","textfile",3256,2.79e-08,0.00364470730262289,"exposure",TRUE,"reported","2vrdcJ","textfile",2,1,TRUE,NA
"85","rs76608582","A","C","A","C",-0.0495574666847922,0.0275502,0.0389,NA,FALSE,FALSE,FALSE,"O7lmvw",4474728,0.607446,0.0536287,"outcome",TRUE,"reported","textfile",7758,1.94e-09,0.00825957778079869,"exposure",TRUE,"reported","2vrdcJ","textfile",2,1,TRUE,NA
"86","rs7921378","C","G","C","G",-0.0254600844384457,-0.0196591,0.463,NA,FALSE,TRUE,TRUE,"O7lmvw",61915126,0.427943,0.0247997,"outcome",TRUE,"reported","textfile",5997,8.26e-13,0.00355815496982807,"exposure",TRUE,"reported","2vrdcJ","textfile",2,1,FALSE,NA
"87","rs7929518","G","A","G","A",0.0242376885051666,-0.0176656,0.765,NA,FALSE,FALSE,FALSE,"O7lmvw",86269916,0.532094,0.0282735,"outcome",TRUE,"reported","textfile",6811,1.56e-08,0.00428465847557264,"exposure",TRUE,"reported","2vrdcJ","textfile",2,1,TRUE,NA
"88","rs7938812","G","T","G","T",0.0437914012665916,0.0204555,0.424,NA,FALSE,FALSE,FALSE,"O7lmvw",113040282,0.429401,0.0258859,"outcome",TRUE,"reported","textfile",7036,2.71e-33,0.00363667793165178,"exposure",TRUE,"reported","2vrdcJ","textfile",2,1,TRUE,NA
"89","rs7969559","G","A","G","A",-0.0243756057706745,-0.0025547,0.688,NA,FALSE,FALSE,FALSE,"O7lmvw",69261387,0.921478,0.0259169,"outcome",TRUE,"reported","textfile",7174,7.31e-10,0.00395945865508843,"exposure",TRUE,"reported","2vrdcJ","textfile",2,1,TRUE,NA
"90","rs9401770","A","G","A","G",0.0277306573995193,-0.00110531,0.273,NA,FALSE,FALSE,FALSE,"O7lmvw",98300132,0.966647,0.0264335,"outcome",TRUE,"reported","textfile",4583,3.47e-12,0.00398600174528558,"exposure",TRUE,"reported","2vrdcJ","textfile",2,1,TRUE,NA
"91","rs9423279","G","C","G","C",-0.0205131691957097,-0.0104559,0.641,NA,FALSE,TRUE,TRUE,"O7lmvw",123920903,0.680827,0.0254193,"outcome",TRUE,"reported","textfile",6563,3.21e-08,0.00370827598744739,"exposure",TRUE,"reported","2vrdcJ","textfile",2,1,FALSE,NA
"92","rs9540729","T","A","T","A",-0.0195522233104744,-0.0368309,0.501,NA,FALSE,TRUE,TRUE,"O7lmvw",66372992,0.140029,0.0249585,"outcome",TRUE,"reported","textfile",7258,3.82e-08,0.00355789131490793,"exposure",TRUE,"reported","2vrdcJ","textfile",2,1,FALSE,NA
"93","rs993700","C","T","C","T",-0.0259279909689629,-0.0233312,0.766,NA,FALSE,FALSE,FALSE,"O7lmvw",66960176,0.42757,0.0294082,"outcome",TRUE,"reported","textfile",3561,1.53e-09,0.00429163160110854,"exposure",TRUE,"reported","2vrdcJ","textfile",2,1,TRUE,NA
